Age,Department,Gender,EducationField,MonthlyIncome,YearsAtCompany,JobSatisfaction,MaritalStatus,Attrition,Income_per_Year,PCA1,PCA2,Age_Binned,Income_Binned
0.12959856254518676,3,1,2,0.06214887702471213,-0.5005496589539515,1.33851461480471,0,0,0.7457865242965456,-1.139817835216054,-0.6519858858102303,0,2
0.551002920756633,0,3,4,-0.5288219110762097,0.03093284409265981,1.33851461480471,2,0,-6.345862932914516,-0.6935344007509517,-0.6312139207575161,1,2
-0.6289292822354167,1,1,3,-0.5304041621822363,-0.9434517448261277,-0.4228727634239424,2,0,-6.364849946186835,-0.030416538288115105,-0.6442642697908672,0,2
-1.2188953837314416,3,3,4,1.6325330997560774,0.20809367844153026,-0.4228727634239424,1,1,19.590397197072928,0.16919014518326503,0.4180741398008779,2,0
-0.12324405238168105,1,3,4,-1.35258139315129,1.6253803532324937,-1.3035664525382686,2,1,-16.23097671781548,2.356479720469088,0.10352951854694348,0,1
1.3938116371795257,2,1,0,-0.3652567029907136,-1.3863538306983039,-1.3035664525382686,2,1,-4.383080435888563,-0.5453247588920102,1.080252577210986,1,2
-0.2918057956662596,1,1,1,-1.624135239223099,-1.7406754993960447,0.4578209256903838,1,0,-19.489622870677188,-0.7733413598967847,-1.6425073714579332,0,1
0.04531769090289748,4,3,3,-0.9597875560801953,-0.677710493302822,1.33851461480471,2,0,-11.517450672962344,-0.8680861581323546,-1.3157475696107042,0,1
-0.9660527688045738,1,3,5,-1.0630294407484286,0.03093284409265981,-0.4228727634239424,0,1,-12.756353288981144,0.9369463003702366,-0.9854474492549886,2,1
0.12959856254518676,1,3,5,0.962251974965574,0.47383492996483595,-1.3035664525382686,2,0,11.547023699586887,0.6530687747977755,1.3726031793036264,0,0
0.12959856254518676,4,1,2,-1.252701792083363,0.03093284409265981,0.4578209256903838,2,1,-15.032421505000356,0.1804074541751025,-0.8573979717163701,0,1
1.140969022252658,0,1,2,-1.6427266897189112,-0.23480840743064588,0.4578209256903838,1,0,-19.712720276626936,-0.17865795767606898,-0.49490198383802075,1,1
1.478092508821815,1,1,5,0.915971130114297,1.4482195188836233,-0.4228727634239424,2,1,10.991653561371564,0.43638628564310344,1.9110349519037297,1,0
0.12959856254518676,4,1,2,-1.6923698181704947,1.0053174330114474,-0.4228727634239424,1,0,-20.308437818045938,1.4908668350289305,-0.4881680811403723,0,1
-1.640299741942888,3,1,1,-1.5555050974991969,1.3596391017091882,0.4578209256903838,0,1,-18.666061169990364,1.7571877555304836,-1.8991855807786069,2,1
-0.03896318073939179,2,3,4,0.5714359517770126,-0.3233888246050811,-1.3035664525382686,0,1,6.857231421324151,0.2976755956836555,0.9054843598632458,0,2
-1.7245806135851771,2,1,2,1.511293108756792,1.271058684534753,0.4578209256903838,0,1,18.135517305081503,0.6204246817358385,-0.22657627915280476,2,0
0.12959856254518676,1,3,0,-0.03219284517212178,-0.8548713276516924,1.33851461480471,2,1,-0.38631414206546133,-1.3497247782047883,-0.7678406306523118,0,2
0.6352837923989224,0,3,2,-1.5564940044404634,0.03093284409265981,1.33851461480471,1,1,-18.677928053285562,-0.3505647020948076,-1.1619773203023627,1,1
1.3095307655372366,0,3,3,-1.6316509319767252,0.47383492996483595,-0.4228727634239424,0,1,-19.5798111837207,0.7342201306663716,0.18854498666349173,1,1
-1.7245806135851771,3,1,1,-0.9206268412060378,-1.474934247872739,-1.3035664525382686,1,0,-11.047522094472454,0.5688118928208877,-1.194924826641466,2,1
-0.12324405238168105,1,1,3,0.8888750799235922,1.1824782673603178,-1.3035664525382686,1,0,10.666500959083105,1.2461586041936663,1.297913837560366,0,0
0.8881264073257902,2,1,3,1.2953158327841658,-0.23480840743064588,1.33851461480471,0,0,15.543789993409991,-1.6374284004146937,0.5676522617606912,1,0
0.12959856254518676,0,3,0,1.3024359627612854,1.713960770406929,0.4578209256903838,0,1,15.629231553135424,0.4202267547901451,0.888868366733325,0,0
-0.03896318073939179,1,3,1,-0.31343797926834366,1.271058684534753,-0.4228727634239424,1,1,-3.7612557512201237,1.2308821250944013,0.2361515986516807,0,2
0.21387943418747601,0,3,1,0.3089800495648562,0.7395761814881416,0.4578209256903838,0,0,3.707760594778274,0.08041554019358915,0.20618558350259547,0,2
0.3824411774720546,4,3,1,0.5979386578029575,0.7395761814881416,0.4578209256903838,1,1,7.17526389363549,-0.07616260946109368,0.47530154875538727,0,2
1.6466542521063936,0,3,1,-1.424771599863752,1.5367999360580586,0.4578209256903838,1,1,-17.097259198365023,0.8038846031753056,0.25564253305436624,1,1
0.46672204911434384,2,3,1,0.9588896913652676,0.03093284409265981,-1.3035664525382686,0,1,11.506676296383212,0.2440527133269346,1.5030146255917254,0,0
-0.5446484105931274,5,1,0,1.7575309371321761,-0.677710493302822,1.33851461480471,2,1,21.090371245586113,-1.6601083657334241,-0.14123205975902078,0,0
-0.6289292822354167,3,1,2,-0.7879155296880597,-0.3233888246050811,-1.3035664525382686,0,1,-9.454986356256716,0.9707653157028684,-0.23394669728307116,0,1
-1.640299741942888,3,1,3,0.6191012663460629,-1.0320321620005628,1.33851461480471,2,0,7.429215196152755,-1.1520394800933718,-1.5328751388881428,2,2
1.2252498938949472,2,1,1,-0.03219284517212178,-1.7406754993960447,-0.4228727634239424,1,0,-0.38631414206546133,-1.3380706162864895,0.6544473937657251,1,2
-1.303176255373731,3,3,2,-0.7859377158055265,-1.6520950822216094,-0.4228727634239424,1,0,-9.431252589666318,-0.21528723538279662,-1.3343224546657535,2,1
-0.12324405238168105,1,3,2,1.5676608044089884,0.7395761814881416,0.4578209256903838,2,0,18.81192965290786,-0.2664819815664195,0.7104195864893189,0,0
-1.1346145120891522,0,1,3,0.2803017482681247,1.0938978501858825,1.33851461480471,1,0,3.3636209792174965,0.2744071354159578,-1.036042736194884,2,2
1.3938116371795257,3,3,0,-0.33756730863524875,-0.9434517448261277,1.33851461480471,2,1,-4.050807703622985,-1.696400717781837,-0.16849206238883188,1,2
-0.3760866673085489,3,1,5,1.4474097203509695,1.713960770406929,1.33851461480471,2,1,17.368916644211634,0.04434982473817202,0.2084055867520129,0,0
-1.5560188703005986,0,1,5,-1.6025770679034872,0.03093284409265981,0.4578209256903838,1,1,-19.230924814841845,0.8334438380413541,-2.106999897346301,2,1
0.21387943418747601,3,1,2,-0.8148137984905113,0.6509957643137064,0.4578209256903838,2,1,-9.777765581886136,0.42334203437895573,-0.4472641431488392,0,1
-0.7132101538777059,1,3,4,1.3740328253089875,-0.8548713276516924,-0.4228727634239424,0,0,16.488393903707852,-0.6275331465382358,0.39973348370114,2,0
-1.1346145120891522,3,1,4,-1.155788911839236,1.1824782673603178,-1.3035664525382686,0,0,-13.869466942070831,2.297366098581063,-0.4932579874961117,2,1
0.29816030582976527,3,1,3,1.4315872092907038,-1.1206125791749981,1.33851461480471,1,0,17.179046511488444,-2.111380556126184,0.12138296567936234,0,0
0.12959856254518676,5,1,5,1.040573404713889,0.11951326126709504,1.33851461480471,1,1,12.486880856566668,-1.0647816031090223,0.01240977066833802,0,0
-0.20752492402397033,5,3,2,0.03604173377527382,-1.1206125791749981,-1.3035664525382686,2,0,0.43250080530328583,-0.0057577144662482194,0.35630193958473527,0,2
0.46672204911434384,4,3,0,0.7848420697023455,-0.5005496589539515,1.33851461480471,2,1,9.418104836428146,-1.5050050840217346,-0.031578092358666834,0,0
-1.303176255373731,3,1,5,-0.4999458283912249,-0.3233888246050811,0.4578209256903838,2,0,-5.9993499406946995,0.11426327640321232,-1.3857928269554305,2,2
-1.2188953837314416,3,3,2,1.4923060954844731,0.20809367844153026,0.4578209256903838,2,0,17.90767314581368,-0.26237713435729826,-0.10896752264655704,2,0
1.0566881506103687,2,3,2,-0.03219284517212178,0.29667409561596547,1.33851461480471,0,1,-0.38631414206546133,-0.8473468260261698,0.012708598654553632,1,2
-0.7132101538777059,3,3,1,-1.6636915168737632,-0.14622799025621064,0.4578209256903838,0,1,-19.964298202485157,0.46985408276820656,-1.6473366199488388,2,1
-0.46036753895083815,2,3,0,-0.3478519408244214,-1.3863538306983039,0.4578209256903838,1,0,-4.174223289893057,-0.9354821844720769,-0.9608752957904303,0,2
1.140969022252658,2,3,1,1.0427489999846755,1.0053174330114474,1.33851461480471,2,0,12.512987999816106,-0.7724095505125582,0.8000151064554095,1,0
1.478092508821815,5,3,3,1.538389158947497,-1.7406754993960447,-0.4228727634239424,2,1,18.46066990736996,-1.9816153600705133,1.7035723307267587,1,0
-1.5560188703005986,0,3,1,-1.5442315583687576,0.20809367844153026,-1.3035664525382686,1,0,-18.530778700425092,1.8983080130693522,-1.1478340598677557,2,1
-1.7245806135851771,1,3,1,-1.323705310466305,1.4482195188836233,0.4578209256903838,2,0,-15.88446372559566,1.761199207239839,-1.804588473371506,2,1
-1.38745712701602,5,3,5,-0.0333795335016417,-1.1206125791749981,-0.4228727634239424,2,1,-0.40055440201970044,-0.09366537868973548,-0.8662570680431759,2,2
1.6466542521063936,5,3,4,1.2610996526163414,-0.677710493302822,0.4578209256903838,2,0,15.133195831396097,-1.6852162527253896,1.3907512114171883,1,0
-1.5560188703005986,0,1,2,0.7988845482683312,-1.1206125791749981,0.4578209256903838,2,1,9.586614579219974,-0.8220061423017057,-0.946406971878021,2,0
0.551002920756633,1,1,0,-1.050371431900216,0.20809367844153026,-1.3035664525382686,2,0,-12.60445718280259,1.061701271189308,0.4462472444877091,1,1
-0.3760866673085489,3,3,1,-0.4131197989480172,-1.7406754993960447,0.4578209256903838,1,1,-4.957437587376207,-1.182202711808508,-1.0076769979364155,0,2
0.29816030582976527,4,1,0,-1.5444293397570108,0.29667409561596547,-1.3035664525382686,2,0,-18.53315207708413,1.379307767959576,0.02374139040203227,0,1
0.9724072789680794,4,1,4,-0.488276726484279,1.271058684534753,-1.3035664525382686,1,1,-5.8593207178113484,1.4593037387182446,1.214965877400832,1,2
-1.050333640446863,3,3,4,1.4155669168421847,0.29667409561596547,-1.3035664525382686,2,0,16.986803002106218,0.7373524626358605,0.8630478910055809,2,0
1.140969022252658,5,2,1,1.289184609748313,-0.3233888246050811,-0.4228727634239424,0,1,15.470215316979758,-0.811345477909907,1.601142901058475,1,0
-0.7132101538777059,1,3,3,-0.8031446965835654,-1.3863538306983039,1.33851461480471,0,0,-9.637736359002783,-1.1747239379917425,-1.824402034569008,2,1
0.7195646640412117,3,1,1,-0.4352713144323891,-0.05764757308177541,-0.4228727634239424,0,0,-5.223255773188669,0.1230886797052189,0.4063063080543256,1,2
-0.6289292822354167,3,1,5,0.6406594376656748,0.03093284409265981,1.33851461480471,0,0,7.687913251988098,-0.7447271412426604,-0.7031152568329132,0,0
-1.2188953837314416,5,3,2,0.4060907111972366,1.713960770406929,1.33851461480471,1,0,4.87308853436684,0.6822362875300524,-0.9081595394985599,2,2
-0.7132101538777059,5,3,3,0.4761053226389121,0.9167370158370121,-1.3035664525382686,1,0,5.713263871666945,1.3961976299881715,0.6490399390343783,2,2
0.04531769090289748,3,2,1,0.7551748614643474,1.3596391017091882,0.4578209256903838,2,0,9.06209833757217,0.39945897643681666,0.4633828820732419,0,0
1.478092508821815,3,1,0,0.6798201525398323,-0.8548713276516924,-1.3035664525382686,0,0,8.157841830477988,-0.5815605014314101,1.8194546470276498,1,0
-0.12324405238168105,3,1,3,1.782846954828601,-0.5005496589539515,0.4578209256903838,1,0,21.39416345794321,-1.1971608492894068,0.6144907419375792,0,0
-0.5446484105931274,4,1,3,0.7336166901447355,-0.14622799025621064,1.33851461480471,2,0,8.803400281736826,-0.9264059158581958,-0.6289544130002513,0,0
-0.3760866673085489,2,1,1,0.13789914872573392,-1.2091929963494332,-1.3035664525382686,2,1,1.6547897847088069,-0.050587785438740915,0.2934394695935054,0,2
0.12959856254518676,3,3,3,1.3512879656598555,0.6509957643137064,0.4578209256903838,1,1,16.215455587918267,-0.32876720703782997,0.729679949178876,0,0
0.29816030582976527,1,3,0,-1.6286842111529254,-1.3863538306983039,-0.4228727634239424,0,0,-19.544210533835106,-0.2304839969642701,-0.7674822626633688,0,1
0.21387943418747601,4,3,4,0.791368855514705,-1.3863538306983039,0.4578209256903838,2,1,9.49642626617646,-1.5558240183945098,0.10615854816136214,0,0
1.5623733804641042,0,3,3,1.017828545064757,0.8281565986625768,-1.3035664525382686,0,0,12.213942540777085,0.4287068178819065,2.3598132693244076,1,0
0.551002920756633,1,1,4,0.5532400640577071,1.0053174330114474,-0.4228727634239424,0,0,6.638880768692485,0.5519947429333838,1.049208455596066,1,2
-0.6289292822354167,1,1,0,0.07263129060213812,-1.1206125791749981,0.4578209256903838,0,1,0.8715754872256574,-0.8510106358558642,-0.7805777906380198,0,2
0.12959856254518676,3,3,1,-1.6294753367059387,-0.9434517448261277,0.4578209256903838,2,0,-19.553704040471263,-0.35466811337630966,-1.2425980155139282,0,1
0.21387943418747601,0,3,2,1.5073374809917255,1.5367999360580586,0.4578209256903838,0,0,18.088049771900707,0.198316399006694,1.0265695636089167,0,0
-1.303176255373731,3,1,3,-1.6593403263321902,1.0053174330114474,0.4578209256903838,2,1,-19.912083915986283,1.445233693565793,-1.8102268554287113,2,1
-1.1346145120891522,4,3,2,0.679029026986819,0.6509957643137064,0.4578209256903838,0,1,8.148348323841828,0.3083067135035787,-0.44015664803511084,2,0
0.12959856254518676,0,1,0,-0.814022672937498,-0.3233888246050811,-0.4228727634239424,2,0,-9.768272075249975,0.260901853978732,-0.22325850792151403,0,1
-1.8088614852274665,2,3,3,-1.2655575823198288,0.9167370158370121,1.33851461480471,0,1,-15.186690987837945,0.9189843649335762,-2.365040333584546,2,1
-1.2188953837314416,3,3,4,1.808756316689786,-1.1206125791749981,-0.4228727634239424,1,1,21.70507580027743,-0.808438946916225,0.2844532301533038,2,0
0.12959856254518676,0,3,5,-1.4077624004739664,1.713960770406929,-0.4228727634239424,0,0,-16.893148805687595,1.876206662938486,-0.20201146914910528,0,1
-0.9660527688045738,4,3,2,-1.730739407491639,0.3852545127904007,-0.4228727634239424,0,1,-20.76887288989967,1.4207265335356132,-1.3021386059577982,2,1
-0.46036753895083815,2,3,3,-0.8237139609619107,-1.0320321620005628,1.33851461480471,2,1,-9.88456753154293,-1.0026134442411336,-1.61612003586103,0,1
-1.2188953837314416,5,2,2,-1.2827645630978677,-1.6520950822216094,-1.3035664525382686,2,0,-15.393174757174412,0.4188656919187983,-1.116326528760009,2,1
1.0566881506103687,5,3,3,1.0941721609305388,-0.5005496589539515,1.33851461480471,0,1,13.130065931166467,-1.8007282591284655,0.511853434213597,1,0
1.0566881506103687,2,1,1,-1.1093102855997057,-1.5635146650471743,-0.4228727634239424,1,1,-13.311723427196469,-0.776330367818195,-0.0308802115692305,1,1
0.8881264073257902,4,1,4,-0.08757163388305154,1.3596391017091882,0.4578209256903838,1,0,-1.0508596065966185,0.4386856624180205,0.5105391689475797,1,2
-1.4717379986583095,2,0,2,-0.9789723507407674,-1.474934247872739,0.4578209256903838,2,0,-11.747668208889209,-0.4532403421947046,-1.9652862658945518,2,1
1.6466542521063936,3,1,5,0.8625701552859005,-0.5891300761283867,-0.4228727634239424,1,0,10.350841863430807,-0.9990725145477548,1.6275673219314863,1,0
1.3938116371795257,3,1,5,-1.097245620916253,0.3852545127904007,0.4578209256903838,0,1,-13.166947450995037,-0.02712067919230707,0.08140345708412758,1,1
1.5623733804641042,5,3,0,-1.3153984921596655,-0.9434517448261277,-0.4228727634239424,2,0,-15.784781905915986,-0.4337813057465505,0.2764807580506328,1,1
0.46672204911434384,0,3,3,0.291575287398564,0.03093284409265981,0.4578209256903838,0,0,3.4989034487827677,-0.4800483249689566,0.22934661774284393,0,2
-1.303176255373731,4,1,2,0.988161336826759,1.3596391017091882,1.33851461480471,2,1,11.857936041921107,0.25559867089262683,-0.6926283883368607,2,0
-1.1346145120891522,5,3,0,0.7563615497938674,-0.7662909104772572,-1.3035664525382686,2,0,9.076338597526409,0.2691915518507321,0.24941061450701807,2,0
-1.2188953837314416,0,1,2,-0.03219284517212178,0.5624153471392711,-1.3035664525382686,2,0,-0.38631414206546133,1.4932507174572538,-0.01708247459026746,2,2
-0.8817718971622844,0,1,3,-0.4615762390700807,1.713960770406929,1.33851461480471,2,0,-5.538914868840969,0.8886075973307509,-1.1904513552664278,2,2
0.9724072789680794,3,2,5,-0.03219284517212178,-1.6520950822216094,1.33851461480471,1,0,-0.38631414206546133,-2.1619500422962137,-0.3825233708753992,1,2
0.8881264073257902,3,3,1,-1.6089060723275934,-0.677710493302822,-0.4228727634239424,0,1,-19.30687286793112,0.0654794405213451,-0.2637910231875147,1,1
0.04531769090289748,1,3,5,1.5603428930436154,1.0053174330114474,-0.4228727634239424,0,0,18.724114716523385,0.34824115026138647,1.3055440317135907,0,0
0.12959856254518676,2,1,0,0.40885965063278307,0.9167370158370121,-0.4228727634239424,0,0,4.906315807593397,0.6747541728114093,0.6889281228053885,0,2
1.2252498938949472,3,3,4,-0.601209899176925,-0.4119692417795163,0.4578209256903838,2,1,-7.2145187901231,-0.7012389642374065,0.1176679292417985,1,1
1.0566881506103687,0,1,1,0.45870056047261987,1.0053174330114474,-0.4228727634239424,1,0,5.504406725671439,0.42778276050155883,1.3108502450970534,1,2
1.478092508821815,4,1,0,-0.03219284517212178,1.0053174330114474,1.33851461480471,0,1,-0.38631414206546133,-0.4915458430723266,0.4000726016610566,1,2
-0.03896318073939179,1,1,3,0.14007474399652042,1.1824782673603178,-1.3035664525382686,1,1,1.680896927958245,1.488904752590515,0.9254400100835954,0,2
0.3824411774720546,0,3,1,-0.4920345728610921,-0.8548713276516924,0.4578209256903838,2,1,-5.904414874333105,-0.7815934026640163,-0.42375066489429236,0,2
1.0566881506103687,1,3,0,1.3590014398017352,-0.9434517448261277,-0.4228727634239424,0,0,16.30801727762082,-1.2367437840113569,1.479185903341122,1,0
-1.8088614852274665,1,1,3,-0.5673892817856072,-0.5005496589539515,0.4578209256903838,1,1,-6.808671381427287,0.17478403622401828,-1.770530142484209,2,1
1.0566881506103687,1,3,5,1.034442181678036,-0.3233888246050811,0.4578209256903838,2,1,12.413306180136432,-1.1753923832360955,0.9565509653238735,1,0
1.2252498938949472,4,3,4,0.3536786433101067,1.713960770406929,-0.4228727634239424,1,1,4.24414371972128,0.9004217443873835,1.4809515303087941,1,2
-0.7132101538777059,3,3,3,1.6208639978491315,-0.23480840743064588,0.4578209256903838,0,0,19.45036797418958,-0.7715334029963818,0.2014237752616725,2,0
-1.640299741942888,4,1,2,-0.5270418785819299,-1.0320321620005628,-1.3035664525382686,0,0,-6.324502542983158,0.7057623338149414,-0.8410905699311554,2,2
-1.8088614852274665,5,1,3,0.1454148414793601,0.3852545127904007,1.33851461480471,2,0,1.744978097752321,0.046177313741013595,-1.657621035281454,2,2
0.12959856254518676,0,3,3,-1.1047613136698793,1.713960770406929,1.33851461480471,2,0,-13.257135764038551,0.8033845341659255,-0.9249215758873623,0,1
0.29816030582976527,3,1,4,-0.5236795949816234,-0.5891300761283867,-1.3035664525382686,2,0,-6.284155139779481,0.40293024979807046,0.4473618305198926,0,2
-0.7132101538777059,3,3,2,1.344761179847496,0.3852545127904007,0.4578209256903838,1,0,16.137134158169953,-0.24563335578671824,0.1537408816495986,2,0
1.3938116371795257,3,3,0,-1.0276265722510842,0.11951326126709504,-0.4228727634239424,1,0,-12.33151886701301,0.2469630827076312,0.5216382574808887,1,1
0.3824411774720546,3,3,0,0.21424276459151564,0.8281565986625768,0.4578209256903838,1,1,2.5709131750981875,0.12268671201052556,0.2730894893764146,0,2
-1.1346145120891522,4,3,3,1.0623293574217543,-0.05764757308177541,-1.3035664525382686,2,1,12.74795228906105,0.646854682293618,0.5476915341460526,2,0
-0.6289292822354167,3,1,2,1.7820558292755877,0.03093284409265981,0.4578209256903838,0,1,21.384669951307053,-0.6729695151861778,0.3921971955496992,0,0
-0.6289292822354167,2,1,2,-1.3887753872016475,1.0053174330114474,1.33851461480471,0,1,-16.66530464641977,0.6551141798226444,-1.6836960171347959,0,1
0.29816030582976527,0,1,4,-1.6108838862101267,0.03093284409265981,0.4578209256903838,1,0,-19.33060663452152,0.25640480554766415,-0.9556036233477944,0,1
1.6466542521063936,3,3,5,1.7591131882382027,1.271058684534753,-1.3035664525382686,1,1,21.109358258858432,0.440697683446285,2.91100431163449,1,0
-0.7974910255199952,0,3,0,1.6962187067736467,1.0053174330114474,1.33851461480471,0,1,20.35462448128376,-0.4008704675959503,-0.03773268457956848,2,0
0.8038455356835009,2,3,4,-1.3498124537157434,0.8281565986625768,0.4578209256903838,0,1,-16.197749444588922,0.5529678292018931,-0.3519266952880538,1,1
1.3938116371795257,2,1,1,1.4313894279024504,1.6253803532324937,0.4578209256903838,1,1,17.176673134829404,-0.08254203327584886,1.7347445238347445,1,0
0.8038455356835009,0,3,0,-1.5418581817097177,-0.7662909104772572,1.33851461480471,1,0,-18.50229818051661,-0.9571319565281474,-1.1887567672820971,1,1
-1.5560188703005986,1,1,4,1.2029519244698652,-0.23480840743064588,-0.4228727634239424,0,0,14.435423093638382,0.12427059941871496,-0.11384335906464997,2,0
0.6352837923989224,3,1,0,-1.677733995439749,0.03093284409265981,1.33851461480471,2,0,-20.132807945276987,-0.3069923359182486,-1.2307939924142284,1,1
1.2252498938949472,1,1,5,1.3046115580320718,-0.677710493302822,-0.4228727634239424,1,1,15.655338696384863,-1.087066862342645,1.6001441389151672,1,0
0.04531769090289748,1,1,1,-0.4948035122966386,0.03093284409265981,-1.3035664525382686,0,0,-5.9376421475596635,0.8983183548989218,0.415135568685483,0,2
1.3938116371795257,4,1,5,-1.5240578567669187,-1.1206125791749981,-1.3035664525382686,0,1,-18.288694281203025,0.05399534627470044,0.4692381768679295,1,1
-0.6289292822354167,1,1,1,0.3876970420896778,1.713960770406929,1.33851461480471,0,0,4.652364505076134,0.5042935541110184,-0.5507463256332475,0,2
0.551002920756633,3,3,3,-0.7091985371632381,-1.2091929963494332,1.33851461480471,0,0,-8.510382445958857,-1.4820522042763566,-0.9516669810086541,1,1
1.140969022252658,4,3,4,-0.35279647553075444,0.20809367844153026,-1.3035664525382686,2,0,-4.233557706369053,0.62644701157265,1.2100492887689325,1,2
-0.7974910255199952,4,1,1,0.08627820639161723,1.0053174330114474,-0.4228727634239424,0,0,1.035338476699407,1.1416518172854218,-0.05665058651212394,2,2
0.8038455356835009,2,1,5,-1.490237239375601,-0.8548713276516924,-1.3035664525382686,1,0,-17.882846872507212,0.40925306578992215,0.16731069696322504,1,1
0.12959856254518676,1,3,0,-0.058695551198066735,0.11951326126709504,1.33851461480471,2,1,-0.7043466143768008,-0.6697160057039412,-0.6115430247602903,0,2
-0.03896318073939179,2,1,1,-1.2805889678270812,0.11951326126709504,-1.3035664525382686,0,0,-15.367067613924974,1.268039144256558,-0.06785586879411898,0,1
0.46672204911434384,0,1,4,-1.488259425493068,0.3852545127904007,1.33851461480471,2,1,-17.859113105916816,-0.07854563661068363,-1.1660421993808228,0,1
-1.7245806135851771,5,3,1,-0.6712245106186006,0.11951326126709504,1.33851461480471,1,1,-8.054694127423208,0.1304448170478542,-2.1153300552990024,2,1
1.6466542521063936,4,1,2,1.4648144825172615,0.6509957643137064,-1.3035664525382686,0,1,17.57777379020714,0.11979389080953513,2.634923286208031,1,0
-1.38745712701602,0,1,0,-1.708587892007267,0.7395761814881416,-0.4228727634239424,1,1,-20.503054704087205,1.7884016013862791,-1.4900120946918098,2,1
0.46672204911434384,0,1,4,0.7397479131805884,-0.677710493302822,0.4578209256903838,0,1,8.876974958167061,-1.1287415243045331,0.3591211153347125,0,0
0.46672204911434384,3,3,4,1.312127250785698,-0.23480840743064588,-1.3035664525382686,0,0,15.745527009428375,-0.0657563846013998,1.656785460662957,0,0
-0.20752492402397033,5,3,3,-0.42043771031339006,-1.6520950822216094,0.4578209256903838,0,0,-5.045252523760681,-1.1713491351792373,-0.8911532403930293,0,2
0.6352837923989224,0,3,5,-0.43388684471461586,0.7395761814881416,-1.3035664525382686,0,0,-5.2066421365753905,1.1794970417079882,0.9421773265940746,1,2
-0.9660527688045738,0,1,3,-1.0907188351038934,0.03093284409265981,0.4578209256903838,0,0,-13.088626021246721,0.46493419806546116,-1.4486119723359445,2,1
0.46672204911434384,5,1,4,0.06847788144881839,-0.5005496589539515,-0.4228727634239424,2,1,0.8217345773858207,-0.28362464316270086,0.45670420897371894,0,2
0.21387943418747601,5,3,0,-0.23116092175496228,0.5624153471392711,-0.4228727634239424,0,0,-2.7739310610595473,0.6345936717540649,0.31589273524817757,0,2
1.3938116371795257,0,1,1,0.9575052216474943,0.9167370158370121,-1.3035664525382686,0,0,11.490062659769931,0.5640689616303511,2.2360487305953116,1,0
0.8881264073257902,5,1,1,0.6628109531500467,-0.5005496589539515,1.33851461480471,2,1,7.95373143780056,-1.592972126362653,0.1619087513090218,1,0
-1.8088614852274665,0,1,0,-0.4884745078725323,0.20809367844153026,0.4578209256903838,2,1,-5.861694094470388,0.6340476175163163,-1.6011261226566291,2,2
0.3824411774720546,0,0,4,-0.5946831133645655,0.29667409561596547,1.33851461480471,2,0,-7.136197360374785,-0.43427582370381185,-0.7269689388075159,0,1
-0.7974910255199952,3,1,1,-0.03219284517212178,-0.677710493302822,1.33851461480471,2,0,-0.38631414206546133,-0.9378063923839398,-1.314743412217521,2,2
1.5623733804641042,1,3,1,-1.3438790120681439,0.11951326126709504,1.33851461480471,2,1,-16.126548144817725,-0.6560353923219632,-0.44766348325039546,1,1
-1.640299741942888,0,1,1,0.43931798442379444,1.4482195188836233,-0.4228727634239424,2,0,5.271815813085533,1.583185974780647,-0.3038857031750984,2,2
1.3938116371795257,2,3,5,1.6833629165371808,1.0938978501858825,-1.3035664525382686,0,0,20.20035499844617,0.4251095872277168,2.679203526102595,1,0
-1.38745712701602,4,1,5,-0.8492277600465891,-1.5635146650471743,-1.3035664525382686,0,0,-10.190733120559068,0.3767397470165616,-0.9597725841884058,2,1
-1.2188953837314416,1,3,2,0.28900412935127084,-0.14622799025621064,-0.4228727634239424,1,0,3.46804955221525,0.4082278429304951,-0.4068280782199039,2,2
0.3824411774720546,1,1,3,0.15668838060979937,0.20809367844153026,-0.4228727634239424,0,1,1.8802605673175923,0.19866289925012862,0.578834035028044,0,2
-1.1346145120891522,1,3,0,0.08746489472113717,0.7395761814881416,-1.3035664525382686,0,1,1.049578736653646,1.5457884278082397,0.1345394731998788,2,2
1.2252498938949472,3,1,0,0.2427232844999938,0.8281565986625768,1.33851461480471,2,1,2.9126794139999257,-0.6331597227020517,0.36731253334667924,1,2
0.8881264073257902,0,3,0,-0.24619230726221464,1.6253803532324937,0.4578209256903838,2,0,-2.9543076871465757,0.6785515167611443,0.46723424800045205,1,2
1.6466542521063936,3,1,2,0.9701632304957069,0.3852545127904007,0.4578209256903838,0,0,11.641958765948482,-0.8492197196084942,1.4125308089636055,1,0
0.12959856254518676,0,3,5,-0.8211428029146175,1.4482195188836233,0.4578209256903838,1,0,-9.85371363497541,1.0005591603349717,-0.3632191747972266,0,1
-0.6289292822354167,3,1,4,0.7138385513194034,-1.1206125791749981,1.33851461480471,2,0,8.566062615832841,-1.5634170977187514,-0.8640718649712931,0,0
0.8038455356835009,3,3,4,1.7440818027309504,-0.4119692417795163,-1.3035664525382686,0,0,20.928981632771404,-0.44836142962178666,2.0810150958765754,1,0
0.8038455356835009,4,2,2,1.3425855845767094,-1.1206125791749981,-0.4228727634239424,0,1,16.111027014920513,-1.2736560398595624,1.2810637501641378,1,0
0.12959856254518676,2,1,4,1.163395646819201,-1.7406754993960447,-1.3035664525382686,1,0,13.960747761830412,-0.9430473563458069,1.097362996750677,0,0
1.5623733804641042,3,1,0,-0.6973316538680389,-1.3863538306983039,1.33851461480471,1,0,-8.367979846416466,-1.9246001681523073,-0.34547796013027215,1,1
-0.8817718971622844,4,3,3,-0.03219284517212178,-1.5635146650471743,-0.4228727634239424,2,1,-0.38631414206546133,-0.5570457846571978,-0.6281625675901529,2,2
1.3938116371795257,5,1,1,1.3330920779405502,-1.7406754993960447,1.33851461480471,1,0,15.997104935286602,-2.845395775220006,0.6395980939725838,1,0
-1.7245806135851771,2,3,5,-0.9977615826248328,-1.474934247872739,0.4578209256903838,0,1,-11.973138991497994,-0.367393453257796,-2.133602704666845,2,1
-1.640299741942888,3,3,5,-1.6735805862864293,1.713960770406929,0.4578209256903838,0,1,-20.08296703543715,2.04343518999332,-1.9039003397671024,2,1
1.2252498938949472,1,3,2,0.668546613409393,1.271058684534753,1.33851461480471,1,1,8.022559360912716,-0.4814306623109267,0.6868950007943002,1,0
-0.46036753895083815,5,1,5,1.7021521484212463,1.0053174330114474,-0.4228727634239424,1,1,20.425825781054954,0.45546488552160025,1.0707328859886813,0,0
-1.7245806135851771,5,3,0,0.2553812933482063,1.1824782673603178,-0.4228727634239424,1,1,3.064575520178476,1.4927963481618038,-0.5075692658658405,2,2
-1.7245806135851771,4,3,4,-0.8551612016941886,0.3852545127904007,-1.3035664525382686,1,0,-10.261934420330263,1.8252991098954419,-0.8306610421048971,2,1
0.46672204911434384,5,1,0,-1.1257261408247312,-0.9434517448261277,0.4578209256903838,2,1,-13.508713689896775,-0.6411692131486287,-0.7464643754519819,0,1
0.04531769090289748,2,1,2,0.9561207519297211,0.03093284409265981,-1.3035664525382686,1,1,11.473449023156654,0.3768715714221902,1.2386903918708765,0,0
1.2252498938949472,3,1,0,1.092392128436259,1.6253803532324937,-1.3035664525382686,2,0,13.108705541235107,1.0559462445970405,2.3321219012599754,1,0
0.8038455356835009,3,1,4,1.0287065214186897,0.5624153471392711,1.33851461480471,0,0,12.344478257024276,-0.9666692942166685,0.5039602961820995,1,0
0.8881264073257902,1,3,3,0.1493704692444265,0.5624153471392711,1.33851461480471,1,1,1.792445630933118,-0.6770099946346176,0.05739347752452749,1,2
-1.8088614852274665,4,3,2,0.9130044092904972,-1.6520950822216094,-1.3035664525382686,2,0,10.956052911485965,-0.18571715253775903,-0.2378461973079825,2,0
-0.2918057956662596,1,3,3,0.6133656060867165,-0.677710493302822,0.4578209256903838,1,0,7.360387273040598,-0.8460383491308349,-0.18556898716096093,0,2
-1.7245806135851771,5,3,1,-0.12633678598070236,-1.0320321620005628,1.33851461480471,0,1,-1.5160414317684283,-0.8577722084838535,-2.0085415362158496,2,2
0.29816030582976527,1,1,3,-1.082412016797254,1.3596391017091882,-1.3035664525382686,0,1,-12.988944201567048,1.9447007153763738,0.4729028325322545,0,1
0.8038455356835009,2,3,1,-0.9356582267132901,0.11951326126709504,-1.3035664525382686,0,0,-11.227898720559482,0.880427234984521,0.6534343757176627,1,1
-1.38745712701602,3,3,1,-0.7236365785057305,0.47383492996483595,-1.3035664525382686,1,1,-8.683638942068766,1.7335246607330124,-0.5302282591666406,2,1
0.8038455356835009,5,1,3,1.6461800155455566,-0.7662909104772572,-1.3035664525382686,1,1,19.754160186546677,-0.6569889230327429,1.963139633093199,1,0
-1.5560188703005986,1,3,2,-0.1247545348746758,-0.3233888246050811,-1.3035664525382686,2,0,-1.4970544184961097,1.0224444989965413,-0.43558749092712656,2,2
-0.9660527688045738,4,3,4,-0.03219284517212178,-0.5891300761283867,-1.3035664525382686,0,1,-0.38631414206546133,0.6217663194701922,-0.06192452410646421,2,2
-0.46036753895083815,2,3,0,-0.6051655269419914,-0.5891300761283867,1.33851461480471,1,1,-7.261986323303898,-0.7763919862104756,-1.4141882574398936,0,1
1.3095307655372366,2,3,0,-0.18112223052687218,1.1824782673603178,0.4578209256903838,0,1,-2.1734667663224663,0.2185768450549473,0.6890388964467375,1,2
0.12959856254518676,1,3,4,0.8329029470479024,-0.05764757308177541,-1.3035664525382686,0,1,9.99483536457483,0.3338369075905981,1.2057251816732606,0,0
-1.4717379986583095,3,3,1,-0.3638722332729404,-0.8548713276516924,-0.4228727634239424,2,1,-4.366466799275285,0.23433420417641243,-1.059668273553883,2,2
0.9724072789680794,1,1,1,-0.03219284517212178,-0.4119692417795163,1.33851461480471,2,0,-0.38631414206546133,-1.3086067934967112,-0.164453352983187,1,2
-1.38745712701602,3,1,2,-0.3262937695048095,0.9167370158370121,1.33851461480471,2,0,-3.915525234057714,0.44959918735054466,-1.569155019195371,2,2
-0.03896318073939179,3,3,5,-0.03219284517212178,-1.2977734135238685,-1.3035664525382686,2,1,-0.38631414206546133,-0.15587060155044322,0.3915196783620828,0,2
-0.9660527688045738,2,3,3,-1.1057502206111458,-0.14622799025621064,1.33851461480471,0,0,-13.26900264733375,-0.1335332366935657,-1.9357445802134075,2,1
-0.5446484105931274,1,1,1,-1.4036089913206466,1.4482195188836233,-1.3035664525382686,2,1,-16.843307895847758,2.38473604999652,-0.2193395291881194,0,1
0.8881264073257902,3,3,0,-0.9196379342647711,-1.474934247872739,0.4578209256903838,2,1,-11.035655211177254,-1.2127773934412285,-0.46019327395830456,1,1
-1.1346145120891522,4,3,2,-1.030593293074884,-1.474934247872739,0.4578209256903838,2,1,-12.367119516898608,-0.5401473078336182,-1.7843846246745607,2,1
-1.38745712701602,0,3,3,-0.19832921130491105,-0.05764757308177541,1.33851461480471,2,1,-2.3799505356589323,-0.2668738981169823,-1.6678621637604967,2,2
-0.5446484105931274,1,1,2,-1.5355291772856114,-0.9434517448261277,1.33851461480471,0,1,-18.426350127427337,-0.6594767738884455,-2.057125445004844,0,1
0.12959856254518676,3,3,3,1.359594783966495,0.29667409561596547,-0.4228727634239424,2,0,16.31513740759794,-0.09360156938723099,1.1195370662927866,0,0
-1.640299741942888,3,1,3,1.7816602664990813,1.271058684534753,1.33851461480471,0,0,21.379923197988976,0.014929471429010311,-0.4680112928620735,2,0
-0.20752492402397033,4,3,4,-0.6554019995583349,0.47383492996483595,-0.4228727634239424,1,1,-7.864823994700019,0.8579320545518799,-0.2032384801498241,0,1
1.140969022252658,2,1,1,-0.999146052342606,1.4482195188836233,0.4578209256903838,0,0,-11.989752628111273,0.7481546856737896,0.16635108224433148,1,1
-0.2918057956662596,3,1,2,-1.4629434077966428,1.5367999360580586,0.4578209256903838,0,1,-17.555320893559713,1.423992306841386,-0.9746858491310101,0,1
0.29816030582976527,3,3,2,-0.11367877713248986,0.03093284409265981,-1.3035664525382686,2,0,-1.3641453255898783,0.6822519311570278,0.7891161890384252,0,2
-1.640299741942888,3,1,4,0.049293086788246294,1.713960770406929,0.4578209256903838,1,1,0.5915170414589556,1.4242526748807502,-0.9259851182883722,2,2
-0.2918057956662596,3,3,0,1.5969324498704798,1.6253803532324937,-0.4228727634239424,1,0,19.16318939844576,0.8672218607395592,1.2251454792431287,0,0
-0.20752492402397033,5,1,0,-0.9963771129070595,0.03093284409265981,1.33851461480471,1,1,-11.956525354884715,-0.2882173077068389,-1.3695561592939207,0,1
0.8038455356835009,5,3,1,-0.7827732135934733,-0.9434517448261277,-1.3035664525382686,1,1,-9.39327856312168,0.09404491327258176,0.5532958268921554,1,1
-1.303176255373731,2,3,1,-1.30016932526416,1.5367999360580586,-0.4228727634239424,0,0,-15.60203190316992,2.163833359272781,-1.0654524604949969,2,1
1.5623733804641042,1,1,5,-0.03219284517212178,-1.474934247872739,1.33851461480471,1,0,-0.38631414206546133,-2.2245970868005065,0.01648307871882258,1,2
0.8881264073257902,3,2,4,0.6752711806100059,-0.05764757308177541,-1.3035664525382686,0,1,8.10325416732007,0.15320537651076402,1.589206897296766,1,0
1.478092508821815,4,3,0,-1.1646890743106353,-0.3233888246050811,0.4578209256903838,0,0,-13.976268891727624,-0.5168716774755097,-0.028938847645978982,1,1
1.3938116371795257,1,1,3,-0.6273170424263633,-1.2091929963494332,-0.4228727634239424,0,1,-7.5278045091163595,-0.811200252259789,0.5152103160270238,1,1
-0.3760866673085489,4,3,2,1.7919448986882538,-1.474934247872739,1.33851461480471,1,0,21.503338784259046,-2.273783673376643,-0.15678529595378568,0,0
1.478092508821815,1,3,1,0.7571526753468806,0.7395761814881416,-1.3035664525382686,2,0,9.085832104162566,0.4878026161173231,2.1437248684868697,1,0
-1.8088614852274665,2,0,2,0.03228388739846073,-0.5891300761283867,-1.3035664525382686,2,1,0.38740664878152875,0.8622415272977314,-0.5508322053693683,2,2
-0.9660527688045738,3,1,2,1.122059336674257,-1.5635146650471743,0.4578209256903838,1,0,13.464712040091085,-1.4274704006551744,-0.4729992470034968,2,0
0.12959856254518676,3,3,5,0.5471088410218542,0.29667409561596547,1.33851461480471,2,0,6.565306092262251,-0.7655294971226094,-0.23653132871777413,0,2
0.21387943418747601,0,3,0,-0.3468630338831548,1.4482195188836233,0.4578209256903838,2,1,-4.1623564065978575,0.8037432982328961,-0.04146412733145727,0,2
0.04531769090289748,4,1,1,0.4832254526160316,-0.4119692417795163,0.4578209256903838,0,0,5.79870543139238,-0.721867075926635,-0.002506113208969293,0,2
0.7195646640412117,1,1,2,-1.1421419960497567,-1.474934247872739,1.33851461480471,0,1,-13.70570395259708,-1.5620456793703454,-1.1390369989555955,1,1
0.6352837923989224,1,3,1,0.6479773490310476,0.29667409561596547,1.33851461480471,1,1,7.775728188372572,-0.9599690452680399,0.13602542333871623,1,0
1.6466542521063936,5,1,3,0.08983827138017701,1.1824782673603178,1.33851461480471,1,1,1.078059256562124,-0.4662258452357008,0.6055922075875899,1,2
1.0566881506103687,0,2,5,-0.4534672021516946,0.8281565986625768,-0.4228727634239424,2,1,-5.441606425820336,0.6336999961412544,0.761944543995353,1,2
-1.303176255373731,5,3,3,-1.1670624509696752,-0.23480840743064588,1.33851461480471,0,1,-14.004749411636102,-0.06699237642620696,-2.1963243148650204,2,1
-0.5446484105931274,5,3,1,0.38156581905382486,-0.14622799025621064,-1.3035664525382686,1,0,4.578789828645898,0.646007561673471,0.5135625189732784,0,2
0.29816030582976527,5,3,1,-1.5005218715647737,0.9167370158370121,0.4578209256903838,1,1,-18.006262458777286,0.8262727606361834,-0.7371970686732247,0,1
-1.7245806135851771,4,3,0,-0.7918711574531261,-0.14622799025621064,-0.4228727634239424,1,1,-9.502453889437513,0.9548714276254356,-1.335643574671654,2,1
-1.8088614852274665,4,1,2,-0.03219284517212178,-0.14622799025621064,1.33851461480471,1,0,-0.38631414206546133,-0.2557109036340588,-1.8518909872271463,2,2
-0.8817718971622844,2,1,2,1.5010084765676193,0.11951326126709504,-0.4228727634239424,1,0,18.01210171881143,0.050046625312298594,0.5380454596001466,2,0
-1.4717379986583095,2,1,3,0.5522511571164405,0.29667409561596547,1.33851461480471,1,0,6.627013885397286,-0.2664474145028622,-1.2320722579153038,2,2
1.2252498938949472,5,0,5,0.5536356268342137,-0.7662909104772572,-0.4228727634239424,2,1,6.643627522010565,-0.8781271711634995,1.1583084855604155,1,2
0.8038455356835009,0,3,4,1.0457157208084753,0.8281565986625768,0.4578209256903838,0,1,12.548588649701703,-0.3079595755786649,1.0077919549875032,1,0
-1.1346145120891522,3,3,2,0.44663589578916735,1.5367999360580586,0.4578209256903838,0,1,5.359630749470008,1.0013572307193028,-0.41630032626407004,2,2
1.5623733804641042,4,3,0,-0.10477861466109042,0.9167370158370121,-1.3035664525382686,1,0,-1.2573433759330852,0.8931130072746092,1.7381899750189582,1,2
1.0566881506103687,0,3,3,1.4654078266820216,1.3596391017091882,-1.3035664525382686,0,1,17.58489392018426,0.791758585717176,2.3920179214317954,1,0
-0.2918057956662596,3,1,3,0.8730525688633265,-0.14622799025621064,1.33851461480471,0,0,10.476630826359917,-1.055611929375367,-0.3921580884396415,0,0
-0.5446484105931274,4,3,4,-0.43388684471461586,1.3596391017091882,0.4578209256903838,0,1,-5.2066421365753905,1.0113483583189704,-0.5793905002144842,0,2
-1.640299741942888,4,3,0,-1.6530113219080838,0.8281565986625768,-0.4228727634239424,1,0,-19.836135862897006,1.9084752994540066,-1.6005415510631724,2,1
-0.20752492402397033,2,1,5,0.08746489472113717,1.0938978501858825,-0.4228727634239424,1,1,1.049578736653646,1.0176252003885717,0.32745300587975235,0,2
0.12959856254518676,1,1,0,-0.8569412341884686,-0.23480840743064588,-0.4228727634239424,0,1,-10.283294810261623,0.3372794186441342,-0.23204295547545506,0,1
0.8881264073257902,1,1,5,-0.43942472358570883,0.6509957643137064,-1.3035664525382686,0,1,-5.2730966830285055,1.0414399690192664,1.0811090962514112,1,2
0.12959856254518676,3,1,0,0.028130478245140995,-0.8548713276516924,-0.4228727634239424,1,0,0.33756573894169195,-0.4074775868977073,0.16129496820584283,0,2
-0.9660527688045738,3,3,0,-0.9133089298406649,1.0938978501858825,-1.3035664525382686,2,0,-10.95970715808798,2.0965387847696317,-0.2661000474374432,2,1
-1.2188953837314416,4,3,1,0.6491640373605676,-0.3233888246050811,-1.3035664525382686,0,1,7.789968448326811,0.6388473923772737,0.21389618845750907,2,0
1.140969022252658,5,1,3,-0.03219284517212178,-1.2977734135238685,1.33851461480471,2,1,-0.38631414206546133,-1.9708671777547049,-0.21511662579324306,1,2
1.3095307655372366,2,3,0,0.8528788672614878,-1.474934247872739,-0.4228727634239424,0,1,10.234546407137852,-1.4996614759578608,1.2561001287836513,1,0
1.478092508821815,2,3,4,1.534829093958937,-0.05764757308177541,-0.4228727634239424,2,0,18.417949127507246,-0.8222272156934101,1.9975037799248951,1,0
-0.20752492402397033,3,3,0,-0.7677418280862209,0.5624153471392711,0.4578209256903838,2,1,-9.212901937034651,0.4772955091853514,-0.6988747555410078,0,1
1.0566881506103687,0,1,2,1.057978166880181,-0.5005496589539515,1.33851461480471,2,1,12.695738002562173,-1.7877205217543866,0.4913094684771021,1,0
0.21387943418747601,5,3,3,0.9654164771776271,-1.2977734135238685,0.4578209256903838,1,1,11.584997726131526,-1.5574217974414815,0.22052563291854116,0,0
1.0566881506103687,4,0,2,-0.5442488593599687,-0.5891300761283867,1.33851461480471,2,1,-6.530986312319625,-1.2728502204220444,-0.4337022970627549,1,2
0.21387943418747601,5,3,3,1.69760317649142,-0.8548713276516924,-0.4228727634239424,2,0,20.37123811789704,-1.0338331044727775,1.1614499334073447,0,0
0.551002920756633,5,3,2,-0.31897585813943663,1.6253803532324937,-1.3035664525382686,2,0,-3.8277102976732396,1.7740948906874099,1.1106153969069965,1,2
-0.3760866673085489,5,3,0,-1.0193197539444447,-1.0320321620005628,-1.3035664525382686,0,1,-12.231837047333336,0.4872105862712148,-0.33225326373619724,0,1
-0.3760866673085489,4,1,0,0.2215606759568885,0.47383492996483595,-1.3035664525382686,2,1,2.658728111482662,1.0774538442827952,0.6368785083533591,0,2
-1.7245806135851771,2,3,1,-0.36980567492054,-0.4119692417795163,-1.3035664525382686,0,0,-4.43766809904648,1.1022896813253282,-0.6953576980867288,2,2
1.0566881506103687,2,1,4,0.9302113900685361,-1.3863538306983039,-1.3035664525382686,2,0,11.162536680822434,-0.9054432596223939,1.6053673322577537,1,0
-0.5446484105931274,5,1,2,1.527906745370071,-0.9434517448261277,0.4578209256903838,2,1,18.33488094444085,-1.278479758768015,0.12915017146114532,0,0
0.12959856254518676,0,1,5,0.219385080686102,-1.5635146650471743,1.33851461480471,1,0,2.632620968233224,-1.9277639286341663,-0.7496546682630443,0,2
1.140969022252658,1,3,1,0.6972249147061245,-0.677710493302822,-0.4228727634239424,0,0,8.366698976473494,-0.8424138021380829,1.2028366928665502,1,0
0.8881264073257902,4,3,2,0.6812046222576055,0.8281565986625768,0.4578209256903838,2,1,8.174455467091265,-0.20332290104976738,0.8534434030626981,1,0
-1.5560188703005986,1,3,2,0.40826630646802314,-1.2977734135238685,1.33851461480471,0,0,4.8991956776162775,-1.2854916466051283,-1.6467253225620626,2,2
0.8881264073257902,0,3,1,-1.310651738841586,-0.3233888246050811,-1.3035664525382686,0,0,-15.72782086609903,0.6840657317148321,0.4152537828296049,1,1
-0.7132101538777059,4,1,0,-1.4789637002451617,-0.14622799025621064,1.33851461480471,1,1,-17.74756440294194,-0.07849851101067044,-1.989931639199218,2,1
-0.12324405238168105,5,1,2,1.373835043920734,1.271058684534753,1.33851461480471,1,1,16.486020527048808,-0.3130679017084235,0.2464134719112779,0,0
0.12959856254518676,2,1,0,0.5156616002895762,0.47383492996483595,-1.3035664525382686,1,0,6.187939203474914,0.8135686162768458,1.1191153397790057,0,2
0.12959856254518676,1,3,1,1.4203136701602646,-1.3863538306983039,-1.3035664525382686,1,1,17.043764041923176,-0.7915686107422787,1.3054971942452114,0,0
-1.303176255373731,3,1,0,-0.33855621557651533,0.7395761814881416,-1.3035664525382686,1,0,-4.062674586918184,1.7516253862073847,-0.21237413279275474,2,2
-1.640299741942888,3,3,3,-1.0106173728612986,1.4482195188836233,-0.4228727634239424,1,1,-12.127408474335583,2.1042773555968846,-1.1268792158212433,2,1
-0.46036753895083815,0,1,5,1.3520790912128688,-0.05764757308177541,-1.3035664525382686,1,0,16.224949094554425,0.331803733735493,1.132559624883387,0,0
0.12959856254518676,5,3,2,-0.025270496583255562,0.03093284409265981,-0.4228727634239424,1,1,-0.30324595899906676,0.221245048768611,0.2867484975808614,0,2
0.12959856254518676,1,3,4,-0.45940064379929424,-0.9434517448261277,-1.3035664525382686,2,0,-5.51280772559153,0.1887462123244544,0.3164402704888887,0,2
-0.03896318073939179,5,1,5,0.17864211470591795,-1.3863538306983039,-0.4228727634239424,0,0,2.1437053764710154,-0.7745589147663252,0.04816682749842029,0,2
-0.03896318073939179,1,1,0,0.6695355203506596,1.3596391017091882,1.33851461480471,1,0,8.034426244207914,-0.02536178383383829,-0.08522495144986676,0,0
0.6352837923989224,0,1,2,-1.3776996294594617,-1.2977734135238685,0.4578209256903838,1,1,-16.53239555351354,-0.8471544643129756,-0.8466909945658924,1,1
1.3095307655372366,0,1,0,0.16539076169294548,0.47383492996483595,1.33851461480471,0,1,1.9846891403153457,-0.8755443375804568,0.3136628426218626,1,2
1.3095307655372366,3,3,3,-0.6465018370869354,-1.474934247872739,1.33851461480471,2,0,-7.758022045043225,-1.9247267157141374,-0.4898545667889149,1,1
-1.2188953837314416,5,1,1,0.22472517816894164,1.6253803532324937,-1.3035664525382686,0,0,2.6967021380272995,2.1323541766604976,0.31566316169981673,2,2
0.3824411774720546,4,1,2,0.9709543560487202,1.6253803532324937,-0.4228727634239424,0,1,11.651452272584642,0.881273775798837,1.2902400106363556,0,0
0.3824411774720546,3,1,3,0.46799628572052593,1.271058684534753,0.4578209256903838,1,1,5.615955428646311,0.3362558353275988,0.4950039229947974,0,2
0.9724072789680794,5,3,3,1.2773177264531137,-1.7406754993960447,-1.3035664525382686,0,1,15.327812717437364,-1.2476372041264556,1.6875310992940098,1,0
-0.12324405238168105,3,3,2,-1.4761947608096153,0.29667409561596547,-1.3035664525382686,0,1,-17.714337129715382,1.4866087150313656,-0.20028074660077466,0,1
0.6352837923989224,4,1,0,0.13275683263114757,1.3596391017091882,-1.3035664525382686,1,1,1.5930819915737708,1.4025229416447031,1.372843274529569,1,2
0.8881264073257902,2,3,4,-0.8203516773616043,-1.2977734135238685,1.33851461480471,1,1,-9.844220128339252,-1.6085170189534987,-0.8201326641008664,1,1
0.46672204911434384,2,1,3,1.508919732097752,0.9167370158370121,-0.4228727634239424,1,0,18.107036785173026,0.17394526876123498,1.5235320180341783,0,0
0.8881264073257902,2,3,5,0.3665344335465725,-0.05764757308177541,-0.4228727634239424,1,1,4.39841320255887,-0.21780128968162923,0.9665179189613873,1,2
-1.4717379986583095,2,3,3,-0.5956720203058321,0.29667409561596547,0.4578209256903838,0,0,-7.148064243669985,0.6280673705971276,-1.4361937038929597,2,1
-0.2918057956662596,1,3,4,0.21523167153278225,0.3852545127904007,-0.4228727634239424,0,1,2.582780058393387,0.5104472091822114,0.22281237591291753,0,2
-1.5560188703005986,2,3,0,-0.488276726484279,1.3596391017091882,-0.4228727634239424,2,1,-5.8593207178113484,1.8292358349948383,-0.793420905997441,2,2
1.0566881506103687,3,0,0,1.719161347811032,0.03093284409265981,-1.3035664525382686,2,0,20.629936173732382,-0.21373407496504007,2.3024037580613035,1,0
-0.46036753895083815,0,1,5,-1.095465588421973,0.8281565986625768,-1.3035664525382686,0,0,-13.145587061063676,1.8209562104576777,-0.10091966126220364,0,1
0.46672204911434384,0,1,3,-1.473030258597562,0.29667409561596547,1.33851461480471,2,1,-17.676363103170743,-0.14497192678225507,-1.1729744469258396,0,1
0.6352837923989224,1,3,0,0.7067184213422839,0.8281565986625768,-1.3035664525382686,0,0,8.480621056107406,0.8305287022942244,1.6051693324127339,1,0
0.551002920756633,2,1,4,-0.3870126556985789,0.11951326126709504,-1.3035664525382686,2,0,-4.644151868382947,0.762344077329998,0.8071979243661564,1,2
-1.38745712701602,2,1,2,-1.0048817126019522,0.6509957643137064,-1.3035664525382686,1,0,-12.058580551223427,1.9565073557774222,-0.6587121168300255,2,1
1.0566881506103687,2,1,1,-0.30394447263218427,-1.2091929963494332,-1.3035664525382686,2,0,-3.6473336715862112,-0.33999456092600827,0.9360046389745179,1,2
1.5623733804641042,3,3,1,-0.03219284517212178,1.271058684534753,1.33851461480471,1,1,-0.38631414206546133,-0.3350513216016077,0.4993524040515783,1,2
1.2252498938949472,5,2,1,-1.7046322642422005,0.6509957643137064,-1.3035664525382686,1,0,-20.455587170906405,1.3906831483385351,0.5731704437056476,1,1
0.12959856254518676,3,3,3,-0.7424258103897959,-0.5891300761283867,0.4578209256903838,1,1,-8.90910972467755,-0.4296519430395299,-0.6767967424102523,0,1
0.551002920756633,5,0,5,1.4381139951030633,-0.9434517448261277,0.4578209256903838,1,1,17.257367941236758,-1.5889508968744324,0.7613398414458599,1,0
0.7195646640412117,2,1,0,-1.1320551452488374,-0.4119692417795163,0.4578209256903838,2,1,-13.58466174298605,-0.3522703393092041,-0.4989466452799379,1,1
1.0566881506103687,2,1,2,0.17607095665862477,-0.4119692417795163,0.4578209256903838,0,1,2.1128514799034974,-0.9278559631273064,0.45375698740673526,1,2
0.8881264073257902,3,3,4,1.6024703287415727,0.9167370158370121,-1.3035664525382686,1,0,19.22964394489887,0.49046382323124044,2.2868323872400373,1,0
-0.12324405238168105,3,3,2,1.7541686535318697,0.3852545127904007,0.4578209256903838,2,0,21.050023842382437,-0.5773232801354374,0.7539770347938103,0,0
0.8038455356835009,5,1,4,1.631741974203064,-0.677710493302822,-1.3035664525382686,1,1,19.58090369043677,-0.5908469549895666,1.9705209290696146,1,0
0.04531769090289748,0,3,3,1.2326191327078633,-1.2977734135238685,1.33851461480471,2,1,14.79142959249436,-2.0826854808472053,-0.18035711304289445,0,0
0.8881264073257902,5,3,1,-0.03219284517212178,-1.0320321620005628,0.4578209256903838,2,1,-0.38631414206546133,-1.2269502949686817,0.12140895321051445,1,2
-1.640299741942888,3,3,3,0.017648064667715003,1.3596391017091882,-0.4228727634239424,2,1,0.21177677601258005,1.6737765800153053,-0.5588049469601009,2,2
0.12959856254518676,4,3,5,0.579742770083652,-0.05764757308177541,0.4578209256903838,0,0,6.956913241003825,-0.5391067649201616,0.16713402766164948,0,2
0.21387943418747601,3,1,5,-1.1692380462404617,-0.23480840743064588,0.4578209256903838,2,1,-14.03085655488554,-0.058812544099655285,-0.8042021389099376,0,1
1.6466542521063936,4,3,4,1.4339605859497435,0.03093284409265981,-1.3035664525382686,2,0,17.20752703139692,-0.2957891705828049,2.5083753884373716,1,0
0.7195646640412117,1,3,0,-1.5381003353329046,-1.474934247872739,0.4578209256903838,0,1,-18.457204023994855,-0.9377790773099596,-0.9163379108886953,1,1
-1.640299741942888,3,3,0,-0.2258208242721226,1.0938978501858825,-0.4228727634239424,0,1,-2.7098498912654714,1.5784174474290236,-0.7437288912714118,2,2
0.12959856254518676,1,3,4,-0.03219284517212178,0.5624153471392711,-1.3035664525382686,2,1,-0.38631414206546133,1.0714147793904616,0.8237257308847825,0,2
0.12959856254518676,0,1,5,1.7246992266821248,-1.2091929963494332,-1.3035664525382686,0,1,20.696390720185498,-0.7790553712423892,1.5094214379247861,0,0
0.8038455356835009,5,1,5,-0.4176687708778436,-1.2977734135238685,1.33851461480471,1,0,-5.012025250534123,-1.7268722361774629,-0.6441175253610693,1,2
0.12959856254518676,4,3,5,-0.26557488331104007,-0.5005496589539515,1.33851461480471,1,0,-3.186898599732481,-1.0220373935283569,-0.8380041985171819,0,2
0.04531769090289748,5,3,3,-1.5812166779721284,-0.23480840743064588,0.4578209256903838,0,0,-18.97460013566554,0.1419776965204756,-1.1431451352452424,0,1
-1.7245806135851771,1,3,5,1.7727601040276817,1.0053174330114474,1.33851461480471,0,1,21.27312124833218,-0.13836642609726285,-0.5723428901058318,2,0
0.3824411774720546,4,3,2,1.0581759482684345,-0.8548713276516924,1.33851461480471,2,1,12.698111379221213,-1.8206859900529473,0.008711908449652066,0,0
1.6466542521063936,5,3,1,-0.871379275530961,-0.05764757308177541,1.33851461480471,0,0,-10.456551306371532,-0.9741177080350787,-0.15807165445416074,1,1
-1.7245806135851771,3,3,5,0.5496799990691473,0.29667409561596547,-1.3035664525382686,2,0,6.596159988829768,1.259461001197764,-0.048839719897927236,2,2
0.29816030582976527,2,1,4,-0.6061544338832581,-0.5005496589539515,-1.3035664525382686,1,1,-7.273853206599097,0.49352392088323077,0.4161249613960118,0,1
-0.46036753895083815,1,3,1,1.752586402425843,-1.2091929963494332,-1.3035664525382686,0,1,21.031036829110118,-0.6045245033640972,1.1573968052362593,0,0
1.478092508821815,5,1,3,-1.5108065037539464,0.03093284409265981,1.33851461480471,2,0,-18.129678045047356,-0.6306317663013735,-0.6105396449671759,1,1
0.8881264073257902,1,1,4,0.4013439578791569,0.47383492996483595,-1.3035664525382686,2,1,4.816127494549883,0.6173704486673766,1.527182457021595,1,2
-1.1346145120891522,1,3,1,-0.39551725539347166,-0.5891300761283867,1.33851461480471,1,1,-4.74620706472166,-0.640819381201798,-1.7155945258567373,2,2
1.3938116371795257,4,1,4,0.7039494819067373,1.4482195188836233,-1.3035664525382686,0,0,8.447393782880848,1.0209127389807882,2.1855872874286595,1,0
0.551002920756633,4,1,3,0.8439787047900883,0.03093284409265981,-1.3035664525382686,1,1,10.12774445748106,0.2589857563471577,1.4903408537732405,1,0
1.6466542521063936,2,1,2,1.0459135021967287,-0.23480840743064588,-0.4228727634239424,2,0,12.550962026360745,-0.8211518110034763,1.7939400153059326,1,0
0.29816030582976527,3,1,3,0.76664618198304,-1.3863538306983039,0.4578209256903838,2,1,9.19975418379648,-1.5733036980113355,0.1446762975223404,0,0
1.0566881506103687,1,1,3,-0.18211113746813878,-1.5635146650471743,1.33851461480471,0,0,-2.1853336496176654,-2.0734826558945403,-0.3994911059338368,1,2
0.21387943418747601,5,1,4,1.0771629615407532,0.20809367844153026,-0.4228727634239424,2,1,12.925955538489038,-0.07941640487929616,0.9962008592761629,0,0
0.12959856254518676,0,3,0,1.5213799595577113,0.47383492996483595,-1.3035664525382686,0,0,18.256559514692537,0.45212411055449303,1.6899681581947261,0,0
-0.7974910255199952,3,1,5,0.2654681441491257,1.4482195188836233,1.33851461480471,1,0,3.185617729789508,0.4180915476065267,-0.7719546235170741,2,2
-1.303176255373731,1,1,5,-0.7070229418924515,0.29667409561596547,-1.3035664525382686,0,0,-8.484275302709419,1.5792829715076102,-0.4994005889639629,2,1
1.140969022252658,2,1,2,-0.03219284517212178,-0.14622799025621064,0.4578209256903838,0,0,-0.38631414206546133,-0.6965136413565606,0.4348247902315237,1,2
0.12959856254518676,3,3,2,1.64697114109857,0.3852545127904007,-0.4228727634239424,2,1,19.76365369318284,-0.13592849332681003,1.2982303388478433,0,0
-1.8088614852274665,0,1,5,-0.4073841386886709,0.03093284409265981,0.4578209256903838,2,1,-4.888609664264051,0.482998420955883,-1.58625151813714,2,2
-1.2188953837314416,4,3,0,-0.9989482709543527,-0.7662909104772572,-0.4228727634239424,0,0,-11.987379251452232,0.4444326435580716,-1.2469139334832513,2,1
-0.5446484105931274,4,1,5,-0.7343167734714098,1.0938978501858825,-1.3035664525382686,2,1,-8.811801281656917,1.900387172574353,0.0982497243774878,0,1
-0.7132101538777059,5,3,0,0.39402604651378403,-1.474934247872739,0.4578209256903838,2,1,4.728312558165408,-1.1839641111870833,-0.7130080976222242,2,2
-0.8817718971622844,0,3,2,-1.2438016296119636,-1.2091929963494332,0.4578209256903838,2,1,-14.925619555343562,-0.35975746501875155,-1.7010223488616336,2,1
0.12959856254518676,4,1,1,-1.0193197539444447,0.11951326126709504,-1.3035664525382686,0,1,-12.231837047333336,1.1214122690957058,0.18554340135971498,0,1
-0.6289292822354167,5,1,4,-0.891750758521053,1.0938978501858825,0.4578209256903838,2,1,-10.701009102252636,1.0194052686569528,-0.9385570822770598,0,1
0.46672204911434384,3,3,2,1.131355061922163,-0.3233888246050811,1.33851461480471,0,0,13.576260743065957,-1.5076319978588877,0.19625798029289362,0,0
0.9724072789680794,5,1,2,-1.390159856919421,0.29667409561596547,-0.4228727634239424,2,0,-16.68191828303305,0.6309836070905168,0.08426210928032439,1,1
-1.7245806135851771,4,3,3,-0.10003186134301073,1.1824782673603178,-0.4228727634239424,1,0,-1.2003823361161288,1.6205280643433315,-0.7093042736717501,2,2
0.8038455356835009,2,3,3,-0.15521286866568718,0.6509957643137064,-0.4228727634239424,2,0,-1.862554423988246,0.48369861372387196,0.7424314044072401,1,2
0.04531769090289748,2,3,3,-1.2530973548598696,1.6253803532324937,1.33851461480471,2,1,-15.037168258318435,0.8221065901692287,-1.0772450994662712,0,1
-0.03896318073939179,2,3,4,0.7083006724483104,0.11951326126709504,-0.4228727634239424,0,1,8.499608069379725,0.07128993667250827,0.6136040597604583,0,0
0.21387943418747601,4,3,3,-0.26458597636977343,-0.3233888246050811,-1.3035664525382686,0,0,-3.175031716437281,0.519038766477722,0.5886039685091392,0,2
-0.03896318073939179,2,1,0,-0.04564197957334758,1.1824782673603178,0.4578209256903838,2,1,-0.5477037548801709,0.5917226186340675,-0.07486976515126839,0,2
-0.03896318073939179,0,3,5,-0.6951560585972524,-1.2977734135238685,1.33851461480471,1,1,-8.341872703167029,-1.3634987883511138,-1.3271263910961035,0,1
1.6466542521063936,3,3,1,0.18239996108273104,-1.2977734135238685,-0.4228727634239424,2,0,2.1887995329927725,-1.242251278259728,1.1168864942408208,1,2
-1.38745712701602,5,1,2,1.057187041327168,1.1824782673603178,-1.3035664525382686,2,1,12.686244495926015,1.5811402633152127,0.605191198707601,2,0
-0.6289292822354167,5,3,0,-1.6025770679034872,-1.7406754993960447,0.4578209256903838,1,0,-19.230924814841845,-0.6756301533788549,-1.8404728530710786,0,1
1.2252498938949472,4,0,1,-0.03219284517212178,-0.9434517448261277,0.4578209256903838,0,0,-0.38631414206546133,-1.2714561902854156,0.34718743442872074,1,2
0.8881264073257902,2,1,0,1.1914806039511725,0.03093284409265981,1.33851461480471,2,1,14.29776724741407,-1.4172518534629348,0.5554439446879302,1,0
-1.2188953837314416,2,1,0,0.25637020028947294,-1.3863538306983039,1.33851461480471,0,1,3.076442403473675,-1.3973138716699194,-1.5383169998713129,2,2
-1.4717379986583095,1,3,2,-0.03219284517212178,-1.6520950822216094,1.33851461480471,0,0,-0.38631414206546133,-1.3973724045501528,-1.9064882432989274,2,2
1.3938116371795257,3,3,5,0.3485363272155203,0.11951326126709504,-1.3035664525382686,1,0,4.182435926586244,0.23434811716284884,1.750205831881094,1,2
-1.5560188703005986,0,3,3,-1.0659961615722284,-1.6520950822216094,-1.3035664525382686,1,1,-12.79195393886674,0.4464204132552213,-1.2034893099255013,2,1
-1.38745712701602,5,1,4,-1.6923698181704947,-0.9434517448261277,1.33851461480471,0,0,-20.308437818045938,-0.33946245064235914,-2.6716544249515617,2,1
0.8038455356835009,3,3,5,-1.2062231658438327,1.1824782673603178,-0.4228727634239424,2,0,-14.474677990125993,1.2271390964966349,0.23932914239060088,1,1
0.6352837923989224,1,1,4,-1.6083127281628333,-0.4119692417795163,0.4578209256903838,0,0,-19.299752737954,-0.15474367188614055,-0.8218243138242043,1,1
1.0566881506103687,4,3,2,-1.1235505455539447,1.6253803532324937,0.4578209256903838,2,1,-13.482606546647336,0.9411352648930328,0.07434056326356756,1,1
1.478092508821815,3,1,2,-0.03219284517212178,0.11951326126709504,-1.3035664525382686,2,0,-0.38631414206546133,0.3448133953238471,1.5866517871126136,1,2
-0.5446484105931274,4,3,2,0.2688304277494321,-0.7662909104772572,0.4578209256903838,1,1,3.2259651329931853,-0.7040749130271817,-0.5543575474111526,0,2
-0.7974910255199952,0,3,1,-0.3245137370105296,0.29667409561596547,-0.4228727634239424,2,0,-3.8941648441263554,0.8016613688548949,-0.4144304233114992,2,2
1.6466542521063936,1,3,4,0.3936304837372774,1.713960770406929,0.4578209256903838,2,1,4.723565804847329,0.272276369458949,1.3189332123233883,1,2
0.6352837923989224,1,1,5,-1.4012356146616067,1.5367999360580586,-1.3035664525382686,0,0,-16.81482737593928,2.075729727002856,0.5332912257461893,1,1
-0.2918057956662596,3,1,5,1.4116112890771184,-0.9434517448261277,-1.3035664525382686,1,1,16.93933546892542,-0.351851890684237,1.1156872465360903,0,0
-0.46036753895083815,0,3,0,-1.6866341579111483,1.271058684534753,-0.4228727634239424,2,1,-20.23960989493378,1.8562179901021805,-0.8060367803597343,0,1
-0.2918057956662596,1,3,0,-0.260630348604707,1.0053174330114474,-0.4228727634239424,2,1,-3.127564183256484,1.1081385938116544,0.06174475337264736,0,2
0.46672204911434384,0,1,0,-0.8545678575294288,-1.2091929963494332,0.4578209256903838,1,0,-10.254814290353146,-0.9214798902559646,-0.6392823151383754,0,1
0.29816030582976527,5,1,2,1.324983041022164,0.03093284409265981,0.4578209256903838,0,0,15.899796492265967,-0.798714612926791,0.710815105573141,0,0
1.2252498938949472,2,1,5,-0.04129078903177453,-0.05764757308177541,-1.3035664525382686,1,0,-0.4954894683812944,0.30527115978798613,1.392683331926068,1,2
0.29816030582976527,1,3,4,1.5635073952556686,0.47383492996483595,-0.4228727634239424,1,1,18.762088743068023,-0.09770891183950467,1.3715331848690955,0,0
0.04531769090289748,3,0,2,-1.7040389200774406,-1.474934247872739,-0.4228727634239424,2,0,-20.448467040929287,-0.18526116504707144,-0.98348209413012,0,1
-1.1346145120891522,5,3,1,0.915971130114297,0.11951326126709504,-0.4228727634239424,2,1,10.991653561371564,0.3393970776480462,0.04832260605416454,2,0
-0.8817718971622844,0,0,0,-0.7651706700389278,-0.5005496589539515,0.4578209256903838,0,0,-9.182048040467134,-0.04414763909811029,-1.3047366090698114,2,1
-1.8088614852274665,3,3,2,1.7072944645158326,1.713960770406929,-0.4228727634239424,2,1,20.48753357418999,1.3630774433535395,0.35745493411327334,2,0
-1.8088614852274665,3,1,2,0.4468336771774206,0.03093284409265981,-1.3035664525382686,2,1,5.362004126129047,1.1399283564184166,-0.20649581837029263,2,2
0.9724072789680794,1,1,1,0.38275250738334476,-0.5005496589539515,-1.3035664525382686,1,1,4.593030088600138,-0.07279670864412084,1.3978396033820326,1,2
0.8038455356835009,0,1,3,0.18813562134207734,0.11951326126709504,0.4578209256903838,2,0,2.2576274561049283,-0.4873791019980224,0.39641201655565744,1,2
0.21387943418747601,2,1,5,1.4634300127994884,0.6509957643137064,1.33851461480471,0,0,17.56116015359386,-0.8773979916656253,0.3984352491898481,0,0
1.478092508821815,5,1,4,-0.03219284517212178,-0.5891300761283867,0.4578209256903838,1,0,-0.38631414206546133,-1.106738071873081,0.5671446923530674,1,2
-1.8088614852274665,1,3,3,1.5743853716096012,0.5624153471392711,1.33851461480471,0,1,18.892624459315215,-0.34547335227282333,-0.8153744463684894,2,0
-0.5446484105931274,3,1,0,-1.176160394829328,1.713960770406929,-0.4228727634239424,1,1,-14.113924737951937,2.0038893288841977,-0.49095664359463237,0,1
1.3938116371795257,4,1,2,-0.03219284517212178,0.6509957643137064,0.4578209256903838,2,0,-0.38631414206546133,-0.2270300769444038,0.7326641974030891,1,2
-1.4717379986583095,0,1,1,-0.6852669891845863,0.47383492996483595,-1.3035664525382686,1,0,-8.223203870215036,1.7460997836350214,-0.5609999230859898,2,1
-0.03896318073939179,5,3,1,0.2280874617692481,-1.6520950822216094,-0.4228727634239424,1,0,2.737049541230977,-0.9751883153909164,0.029503064912513907,0,2
0.551002920756633,5,1,5,-1.0871587701153338,0.3852545127904007,-1.3035664525382686,2,1,-13.045905241384006,1.196828428559612,0.45651935212655237,1,1
-1.640299741942888,2,3,3,-0.8618857688948016,-1.5635146650471743,-0.4228727634239424,2,1,-10.34262922673762,-0.021580237340198396,-1.5720567255993567,2,1
-0.8817718971622844,2,1,5,1.7923404614647604,-1.1206125791749981,0.4578209256903838,0,1,21.508085537577124,-1.3899616240673296,0.0378896985885431,2,0
0.29816030582976527,3,1,2,0.32005580730704214,1.0938978501858825,1.33851461480471,0,1,3.840669687684506,-0.18808073573186596,-0.120119334199854,0,2
-0.5446484105931274,4,3,5,-0.8557545458589486,1.271058684534753,-0.4228727634239424,2,1,-10.269054550307384,1.5839734208843335,-0.38697417812533824,0,1
1.2252498938949472,3,1,4,-0.6583687203821347,-1.2977734135238685,1.33851461480471,2,0,-7.900424644585616,-1.7721909592591067,-0.5179879464032001,1,1
-0.03896318073939179,1,3,1,-0.9210224039825444,1.6253803532324937,-0.4228727634239424,2,1,-11.052268847790533,1.6930538765017453,-0.04641187726482042,0,1
0.551002920756633,1,3,1,-1.6225529881170724,0.20809367844153026,-1.3035664525382686,1,1,-19.47063585740487,1.2673372505511105,0.12147296647852912,1,1
-0.7132101538777059,3,1,0,0.7051361702362573,0.3852545127904007,-1.3035664525382686,1,1,8.461634042835087,0.9481678386179846,0.6855808808276675,2,0
0.46672204911434384,4,3,0,-1.3721617505883685,-0.14622799025621064,-0.4228727634239424,1,1,-16.465941007060422,0.4779383094447514,-0.2987072652057153,0,1
-1.4717379986583095,3,1,2,0.5255506697022422,-1.3863538306983039,1.33851461480471,2,1,6.306608036426907,-1.4149602374688504,-1.5431798096144442,2,2
0.6352837923989224,4,1,4,0.6924781613880447,-0.8548713276516924,0.4578209256903838,0,0,8.309737936656537,-1.2863889477912,0.4062386375441282,1,0
-1.4717379986583095,4,3,3,-0.22443635455434938,-0.7662909104772572,0.4578209256903838,2,1,-2.6932362546521924,-0.23678785855187698,-1.4123948856523993,2,2
-0.8817718971622844,0,2,5,-0.08678050833003825,-0.9434517448261277,-1.3035664525382686,1,1,-1.041366099960459,0.37120744340042605,-0.10266407242856546,2,2
-0.5446484105931274,4,3,2,-0.21177834570613685,-1.1206125791749981,0.4578209256903838,1,1,-2.541340148473642,-0.7751615768269772,-0.8894601888836966,0,2
0.12959856254518676,2,3,0,-0.09884517301349081,0.29667409561596547,-1.3035664525382686,2,0,-1.1861420761618897,0.9125096511078609,0.7391641109911027,0,2
0.29816030582976527,4,1,5,0.7757441258426927,0.6509957643137064,0.4578209256903838,2,0,9.308929510112312,-0.17465235088869685,0.5080982410206325,0,0
-0.12324405238168105,4,1,0,0.979458955743613,1.3596391017091882,-0.4228727634239424,1,0,11.753507468923356,0.8535465220937427,0.9330349146724176,0,0
1.3938116371795257,4,3,5,-0.40402185508836447,1.4482195188836233,-1.3035664525382686,1,1,-4.848262261060373,1.419105879798216,1.5566949592546446,1,2
1.140969022252658,1,1,3,-0.27506838994719945,0.03093284409265981,-1.3035664525382686,1,0,-3.3008206793663932,0.4766061840578962,1.2230154374549769,1,2
0.8881264073257902,2,1,2,-0.5650159051265674,-1.1206125791749981,-0.4228727634239424,2,1,-6.780190861518809,-0.6144490538958968,0.25084623279597923,1,1
0.6352837923989224,2,1,5,1.4563098828223688,-1.0320321620005628,-1.3035664525382686,1,1,17.475718593868425,-0.7188813875594479,1.7035376943247753,1,0
1.2252498938949472,3,1,4,-0.6146590335781509,-0.5005496589539515,0.4578209256903838,1,0,-7.37590840293781,-0.757358577254653,0.09445767605857516,1,1
0.04531769090289748,0,3,1,-0.03219284517212178,1.713960770406929,0.4578209256903838,0,1,-0.38631414206546133,0.9262429315219619,0.07877315012136418,0,2
-1.050333640446863,4,3,4,-0.09449398247191776,-0.23480840743064588,-1.3035664525382686,2,1,-1.133927789663013,0.9143337900103438,-0.0875318815235352,2,2
-1.4717379986583095,5,1,4,-0.5662025934560874,-0.05764757308177541,0.4578209256903838,0,1,-6.794431121473048,0.37366401451454984,-1.4817723692211295,2,1
1.140969022252658,0,2,1,-0.03219284517212178,-1.2977734135238685,1.33851461480471,0,0,-0.38631414206546133,-1.9708671777547049,-0.21511662579324306,1,2
0.9724072789680794,0,3,4,-0.06621124395169292,-0.7662909104772572,-1.3035664525382686,1,1,-0.7945349274203151,-0.09430316837975843,1.0962753290148843,1,2
0.7195646640412117,2,3,5,1.1772403439969334,-1.6520950822216094,-0.4228727634239424,2,1,14.126884127963201,-1.5535865040955854,1.0412035360629361,1,0
-1.050333640446863,0,1,5,1.3906464619222665,-1.2091929963494332,1.33851461480471,1,0,16.6877575430672,-1.7357840371149063,-0.7582399259700192,2,0
-0.2918057956662596,4,1,5,0.4695785368265525,-0.4119692417795163,-1.3035664525382686,2,1,5.63494244191863,0.352423218902092,0.6744414059446352,0,2
0.8038455356835009,4,1,1,-1.232923653258031,-1.5635146650471743,-0.4228727634239424,0,1,-14.795083839096371,-0.6528107968689271,-0.2586955675018644,1,1
-1.8088614852274665,1,3,4,1.714414594492952,-1.5635146650471743,0.4578209256903838,2,0,20.572975133915424,-1.3767091329993086,-0.662279362415554,2,0
-1.4717379986583095,4,1,1,-0.5917163925407657,0.5624153471392711,-0.4228727634239424,1,1,-7.100596710489189,1.2914684043536513,-0.9397713442056367,2,1
-1.5560188703005986,4,1,5,1.327554199069457,1.713960770406929,1.33851461480471,1,1,15.930650388833484,0.45653107299848256,-0.5953324303955737,2,0
-0.5446484105931274,2,3,4,1.3819440808391203,1.5367999360580586,0.4578209256903838,1,1,16.583328970069445,0.4806641715198981,0.48244077165249194,0,0
0.12959856254518676,4,1,4,-1.1470865307560898,1.0938978501858825,-1.3035664525382686,2,1,-13.765038369073078,1.837814274031134,0.28436280803269043,0,1
-0.5446484105931274,1,1,0,-0.3217447975749831,0.6509957643137064,0.4578209256903838,0,1,-3.860937570899797,0.48342098301924014,-0.6403493238592547,0,2
-1.7245806135851771,5,3,0,1.69760317649142,-1.7406754993960447,-1.3035664525382686,0,0,20.37123811789704,-0.5550114587028024,0.2444716675245211,2,0
0.46672204911434384,2,3,3,1.613150523707252,-1.1206125791749981,-1.3035664525382686,2,0,19.357806284487026,-0.7834718464554046,1.671884090315762,0,0
0.8038455356835009,5,3,2,1.014070698687944,1.4482195188836233,-0.4228727634239424,1,0,12.168848384255327,0.6120483107554991,1.5463128546596556,1,0
0.3824411774720546,2,1,0,-0.281595175759559,1.0053174330114474,-0.4228727634239424,0,0,-3.3791421091147082,0.90475516118073,0.47024907267810423,0,2
-0.20752492402397033,3,1,1,-0.157586245324727,1.4482195188836233,-0.4228727634239424,1,1,-1.8910349438967242,1.3495063364588318,0.25066597365175,0,2
0.12959856254518676,0,0,0,0.7221453696260429,-1.474934247872739,1.33851461480471,2,1,8.665744435512515,-2.047497552029329,-0.44870796025966503,0,0
0.12959856254518676,3,3,3,0.6145522944162365,0.8281565986625768,1.33851461480471,1,1,7.374627532994838,-0.4240494233685103,-0.1047913708443642,0,2
1.0566881506103687,4,3,4,0.623452456887636,-1.2977734135238685,-0.4228727634239424,0,1,7.481429482651631,-1.2162076419358105,0.9993774048503156,1,2
0.8881264073257902,5,1,3,-0.005887920534430145,-0.14622799025621064,1.33851461480471,0,1,-0.07065504641316174,-1.1088364905367825,-0.15534371593303634,1,2
0.8881264073257902,4,1,4,-1.566185292464876,1.0053174330114474,0.4578209256903838,1,0,-18.79422350957851,0.726271363588725,-0.39103806873454666,1,1
1.2252498938949472,0,3,4,-1.2400437832351505,-1.0320321620005628,0.4578209256903838,2,0,-14.880525398821806,-0.8983204699580624,-0.35397368805883617,1,1
-0.8817718971622844,2,3,2,0.7739640933484129,-0.7662909104772572,1.33851461480471,1,1,9.287569120180954,-1.2621189842894023,-0.9252900033137814,2,0
-1.640299741942888,0,3,0,0.7053339516245106,-0.8548713276516924,1.33851461480471,2,1,8.464007419494127,-1.0611244136885156,-1.4527760001667864,2,0
-1.8088614852274665,3,3,1,-0.7090007557749848,-0.4119692417795163,0.4578209256903838,1,1,-8.508009069299817,0.2866307864067171,-1.8353333818551498,2,1
0.8881264073257902,0,1,1,-0.42597558918448303,-1.7406754993960447,-1.3035664525382686,0,0,-5.1117070702137966,-0.6091269155624922,0.6681793136502097,1,2
1.478092508821815,1,3,5,-0.4615762390700807,0.03093284409265981,0.4578209256903838,2,1,-5.538914868840969,-0.5257506122868542,0.4324586651574767,1,2
-1.050333640446863,0,1,4,-0.31838251397467665,0.8281565986625768,0.4578209256903838,2,1,-3.82059016769612,0.7623072691485367,-0.9225910853800662,2,2
0.551002920756633,1,0,1,1.0016104712279847,-0.677710493302822,1.33851461480471,2,1,12.019325654735816,-1.731180271731113,0.1128588309879066,1,0
-0.7974910255199952,5,1,2,0.2731816182910052,1.1824782673603178,0.4578209256903838,0,0,3.278179419492062,0.7144235160533868,-0.3668578628772688,2,2
-0.8817718971622844,4,3,4,-0.4501049185513881,-1.474934247872739,1.33851461480471,1,1,-5.4012590226166575,-1.3098262847297,-1.74469162759112,2,2
0.7195646640412117,4,3,2,-0.9718522207636479,0.6509957643137064,1.33851461480471,0,0,-11.662226649163774,-0.1603718767082573,-0.668545007710355,1,1
-1.7245806135851771,3,3,1,1.64341107611001,1.5367999360580586,-0.4228727634239424,2,0,19.72093291332012,1.2377655306923456,0.3425919264211236,2,0
1.0566881506103687,4,3,1,0.9493961847291083,0.9167370158370121,0.4578209256903838,1,0,11.3927542167493,-0.2914845056341127,1.1263482768407154,1,0
0.04531769090289748,2,1,5,-0.7289766759885702,0.5624153471392711,-1.3035664525382686,0,0,-8.747720111862842,1.3481962401036773,0.3756758120881015,0,1
-0.46036753895083815,3,3,1,0.6732933667274726,-1.3863538306983039,-0.4228727634239424,2,0,8.079520400729672,-0.8205075948995293,0.0661817950195649,0,0
0.12959856254518676,3,3,4,-0.6557975623348415,0.3852545127904007,1.33851461480471,2,0,-7.8695707480180985,-0.27226461169779737,-0.9037330388102012,0,1
-1.2188953837314416,2,1,4,1.7403239563541373,-1.5635146650471743,1.33851461480471,0,1,20.883887476249647,-2.0525372824070782,-0.7271672643739071,2,0
0.551002920756633,2,3,4,0.06135775147169885,1.0938978501858825,-1.3035664525382686,0,1,0.7362930176603861,1.2716884922616478,1.2330368512053056,1,2
0.29816030582976527,3,1,1,-0.46632299238816044,-1.474934247872739,1.33851461480471,0,1,-5.595875908657925,-1.6731041269060423,-1.0181899406441266,0,2
-1.050333640446863,4,1,5,0.007165651090289013,0.3852545127904007,0.4578209256903838,2,0,0.08598781308346815,0.34054326731410406,-0.8156898051066799,2,2
0.29816030582976527,5,1,1,1.0520447252325815,-0.05764757308177541,-0.4228727634239424,0,1,12.624536702790978,-0.2796131910318177,0.9877647948731104,0,0
0.9724072789680794,5,1,3,-1.409344651579993,1.1824782673603178,1.33851461480471,2,0,-16.912135818959918,0.283482557106532,-0.6657586726506555,1,1
1.5623733804641042,3,1,3,0.3117489890004027,0.47383492996483595,1.33851461480471,0,0,3.7409878680048325,-1.0072381697210857,0.5543883409572117,1,2
-1.303176255373731,5,1,5,-1.459976686972843,-1.3863538306983039,-1.3035664525382686,2,0,-17.519720243674115,0.691777862408383,-1.2227346006871993,2,1
-1.5560188703005986,0,1,1,-1.4558232778195233,1.271058684534753,0.4578209256903838,2,1,-17.469879333834278,1.6340453320235535,-1.8056313954296113,2,1
-0.9660527688045738,5,1,3,0.048897524011739656,0.6509957643137064,1.33851461480471,1,0,0.5867702881408758,7.641971337197831e-05,-1.1401705259418695,2,2
0.551002920756633,3,3,1,-1.0822142354090007,0.7395761814881416,-1.3035664525382686,0,0,-12.986570824908009,1.4388637720570001,0.5216316242205697,1,1
0.12959856254518676,5,3,1,0.048897524011739656,-1.0320321620005628,1.33851461480471,0,1,0.5867702881408758,-1.5007739747652216,-0.7529660261328226,0,2
0.21387943418747601,0,3,1,-1.6504401638607906,1.5367999360580586,-1.3035664525382686,2,1,-19.80528196632949,2.297114928093205,0.1290884056446152,0,1
-0.12324405238168105,1,2,0,0.7213542440730296,-1.2977734135238685,-1.3035664525382686,2,0,8.656250928876355,-0.40032268271766275,0.7666877964272462,0,0
1.140969022252658,3,1,4,-0.839932034798683,-0.14622799025621064,0.4578209256903838,2,0,-10.079184417584194,-0.4062207482650977,-0.02365365822664786,1,1
-1.050333640446863,1,3,1,1.3168740041037779,-0.8548713276516924,1.33851461480471,1,1,15.802488049245333,-1.4654586418421993,-0.7378079728001821,2,0
1.2252498938949472,1,1,0,0.18516890051827753,-1.6520950822216094,0.4578209256903838,1,1,2.2220268062193305,-1.8371984086617026,0.3459520521599903,1,2
-1.1346145120891522,1,3,5,-0.607341122212778,-1.0320321620005628,-1.3035664525382686,2,1,-7.288093466553336,0.5764325530720034,-0.5713659086649895,2,1
0.12959856254518676,2,3,3,-1.581612240748635,0.03093284409265981,-0.4228727634239424,0,0,-18.97934688898362,0.7805777558539982,-0.5966420290884219,0,1
1.0566881506103687,4,3,4,1.1974140455987723,0.29667409561596547,1.33851461480471,0,1,14.368968547185268,-1.2892544940843542,0.710642123156134,1,0
1.0566881506103687,2,1,3,-1.4269471951345385,1.1824782673603178,-0.4228727634239424,1,1,-17.123366341614464,1.2273707319313623,0.2716961685569084,1,1
1.140969022252658,4,3,4,0.23580093591112758,0.11951326126709504,1.33851461480471,1,1,2.829611230933531,-1.0919318715491353,0.18622140793419925,1,2
-0.3760866673085489,1,1,3,-0.5189328416635437,-1.5635146650471743,0.4578209256903838,2,0,-6.227194099962524,-1.022268448735726,-1.036584365937117,0,2
0.12959856254518676,3,1,4,0.410046338962303,-0.7662909104772572,0.4578209256903838,0,1,4.920556067547636,-0.9657443819791146,-0.05379829966894237,0,2
0.8038455356835009,4,3,3,-0.03219284517212178,0.6509957643137064,0.4578209256903838,2,1,-0.38631414206546133,-0.042476854040182206,0.364810607507755,1,2
0.12959856254518676,0,3,3,-0.8470521647758026,0.8281565986625768,0.4578209256903838,1,1,-10.164625977309631,0.5831990856401622,-0.4869605198716434,0,1
0.04531769090289748,0,3,3,-0.43823803525618893,0.47383492996483595,0.4578209256903838,0,1,-5.258856423074267,0.21882801512127759,-0.36977097518628066,0,2
0.8038455356835009,5,1,3,-0.7766419905576204,0.03093284409265981,-0.4228727634239424,0,1,-9.319703886691444,0.2803620211785223,0.28066885259737906,1,1
0.29816030582976527,4,0,0,-1.5444293397570108,0.29667409561596547,-1.3035664525382686,2,0,-18.53315207708413,1.379307767959576,0.02374139040203227,0,1
1.0566881506103687,1,2,0,1.3590014398017352,-0.9434517448261277,-0.4228727634239424,0,0,16.30801727762082,-1.2367437840113569,1.479185903341122,1,0
-1.050333640446863,4,2,4,-0.09449398247191776,-0.23480840743064588,-1.3035664525382686,2,1,-1.133927789663013,0.9143337900103438,-0.0875318815235352,2,2
-0.12324405238168105,1,3,4,-1.35258139315129,1.6253803532324937,-1.3035664525382686,2,1,-16.23097671781548,2.356479720469088,0.10352951854694348,0,1
